symbol,name,price,marketCap,volume,industry
CSCO,Cisco Systems Inc. Common Stock (DE),107.63,424340625141.0,17007382,Telecommunications
ANET,Arista Networks Inc. Common Stock,203.59,256772726086.0,4899019,Telecommunications
CCZ,Comcast Holdings ZONES,62.9,223209240442.0,230,Telecommunications
VZ,Verizon Communications Inc. Common Stock,45.87,190579538516.0,19963072,Telecommunications
TMUS,T-Mobile US Inc. Common Stock,163.08,174931286648.0,3931277,Telecommunications
T,AT&T Inc.,24.4,167198209860.0,39677046,Telecommunications
TBB,AT&T Inc. 5.350% Global Notes due 2066,18.83,134641758588.0,314199,Telecommunications
LITE,Lumentum Holdings Inc. Common Stock,971.26,87122022000.0,4005468,Telecommunications
WBD,Warner Bros. Discovery Inc. Series A Common Stock ,30.95,77706267568.0,95725003,Telecommunications
CMCSA,Comcast Corporation Class A Common Stock,21.76,77218331828.0,34945420,Telecommunications
FFIV,F5 Inc. Common Stock,445.18,25209288883.0,430843,Telecommunications
ROKU,Roku Inc. Class A Common Stock,152.28,22601240599.0,1459446,Telecommunications
CHTR,Charter Communications Inc. Class A Common Stock New,110.9,12706643863.0,2400641,Telecommunications
ESE,ESCO Technologies Inc. Common Stock,265.11,6868355087.0,197448,Telecommunications
LUMN,Lumen Technologies Inc. Common Stock,5.6,5776094262.0,10259059,Telecommunications
LILAP,Liberty Latin America Ltd. 9.0% Fixed Rate Cumulative Perpetual Redeemable Series A Preference Shares,20.56,4027704000.0,45394,Telecommunications
TDS,Telephone and Data Systems Inc. Common Shares,33.92,3904192000.0,2014724,Telecommunications
AD,Array Digital Infrastructure Inc. Common Shares,33.72,2916780000.0,207922,Telecommunications
DGII,Digi International Inc. Common Stock,76.23,2892785416.0,485583,Telecommunications
EXTR,Extreme Networks Inc. Common Stock,21.45,2835061408.0,1985183,Telecommunications
ADEA,Adeia Inc. Common Stock,25.6,2823171840.0,2439769,Telecommunications
CHTRP,Charter Communications Inc. Series A Cumulative Redeemable Preferred Stock,22.2,2543620322.0,15106,Telecommunications
IDT,IDT Corporation Class B Common Stock,79.97,1986349719.0,783578,Telecommunications
ATEN,A10 Networks Inc. Common Stock,27.11,1968430559.0,1789078,Telecommunications
ZD,Ziff Davis Inc. Common Stock,56.69,1943741822.0,754917,Telecommunications
LILA,Liberty Latin America Ltd. Class A Common Stock,8.28,1622052000.0,269020,Telecommunications
LILAK,Liberty Latin America Ltd. Class C Common Stock,8.22,1610298000.0,1861140,Telecommunications
UZD,Array Digital Infrastructure Inc. 6.250% Senior Notes due 2069,17.93,1541980000.0,7660,Telecommunications
ATEX,Anterix Inc. Common Stock,78.5,1539368201.0,424336,Telecommunications
UZF,Array Digital Infrastructure Inc. 5.500% Senior Notes due 2070,16.0,1376000000.0,1663,Telecommunications
UZE,Array Digital Infrastructure Inc. 5.500% Senior Notes due 2070,15.93,1369980000.0,4330,Telecommunications
NSSC,NAPCO Security Technologies Inc. Common Stock,35.62,1274071726.0,329243,Telecommunications
GLIBK,Liberty Capital Corporation Series C GCI Group Common Stock,23.2,925795861.0,318315,Telecommunications
GLIBA,Liberty Capital Corporation Series A GCI Group Common Stock,23.12,922603461.0,39132,Telecommunications
MATW,Matthews International Corporation Class A Common Stock,19.19,598980790.0,566784,Telecommunications
SHEN,Shenandoah Telecommunications Co Common Stock,11.22,598751710.0,932504,Telecommunications
AMCX,AMC Global Media Inc. Class A Common Stock,11.66,480974662.0,420941,Telecommunications
OPTU,Optimum Communications Inc. Class A common stock,0.9895,450801214.0,2274930,Telecommunications
ATNI,ATN International Inc. Common Stock,27.82,428521392.0,110825,Telecommunications
AIOT,PowerFleet Inc. Common Stock,2.84,381201607.0,2972810,Telecommunications
LTRX,Lantronix Inc. Common Stock,7.21,338000474.0,1214898,Telecommunications
TTGT,TechTarget Inc. Common Stock,3.7,267630842.0,742757,Telecommunications
TBCH,Turtle Beach Corporation Common Stock,12.77,228707009.0,180670,Telecommunications
SPOK,Spok Holdings Inc. Common Stock,10.49,219431257.0,137371,Telecommunications
CXDO,Crexendo Inc. Common Stock,5.88,195532285.0,150247,Telecommunications
SIDU,Sidus Space Inc. Class A Common Stock,1.81,183217840.0,4369278,Telecommunications
BWEN,Broadwind Inc. Common Stock,4.18,98887819.0,161005,Telecommunications
AMPG,Amplitech Group Inc. Common Stock,3.14,94337805.0,817966,Telecommunications
CABO,Cable One Inc. Common Stock,11.02,62526654.0,568460,Telecommunications
INSG,Inseego Corp. Common Stock,3.66,60099367.0,408239,Telecommunications
REKR,Rekor Systems Inc. Common Stock,0.3691,50801630.0,1582652,Telecommunications
NXPL,NextPlat Corp Common Stock,8.68,23550767.0,12466,Telecommunications
KSCP,Knightscope Inc. Class A Common Stock,0.7752,18308950.0,579806,Telecommunications
FOXX,Foxx Development Holdings Inc. Common Stock,2.51,17758017.0,5652,Telecommunications
INTZ,Intrusion Inc. Common Stock,0.7202,17649908.0,74776,Telecommunications
IQST,iQSTEL Inc. Common Stock,1.05,11461652.0,544606,Telecommunications
MYSE,Myseum.AI Inc. Common Stock,1.79,9301610.0,41466,Telecommunications
AMPGZ,Amplitech Group Inc. Series B Right,0.112,3364915.0,52880,Telecommunications
FOXXW,Foxx Development Holdings Inc. Warrant,0.0653,461991.0,560,Telecommunications
TMUSL,T-Mobile US Inc. 6.250% Senior Notes due 2069,20.92,0.0,82414,Telecommunications
TMUSZ,T-Mobile US Inc. 5.500% Senior Notes due March 2070,18.54,0.0,88349,Telecommunications
TMUSI,T-Mobile US Inc. 5.500% Senior Notes due June 2070,18.42,0.0,83545,Telecommunications
